{
  "train_metrics": {
    "precision": 0.6039255158530448,
    "recall": 1.0,
    "f1": 0.7530593034201444,
    "roc_auc": 0.9998905668358714
  },
  "optimal_threshold": 0.9000000000000002,
  "threshold_metrics": {
    "precision": 0.6926829268292682,
    "recall": 0.9466666666666667,
    "f1": 0.8,
    "score": 0.8
  }
}